temperature,wind,gust,cloud,humidity,weather
28,18,27,81,61,Rain
27,19,31,71,61,Rain
24,13,22,69,74,Rain
24,12,21,81,80,Rain
23,15,25,91,85,Rain
23,18,29,89,84,Rain
25,15,23,96,79,Rain
26,16,25,93,78,Rain
24,17,28,91,81,Rain
24,15,26,82,83,Rain
24,8,13,58,85,Rain
26,13,19,50,73,Rain
31,23,32,62,57,Rain
28,19,31,74,64,Rain
27,16,28,62,70,Rain
26,13,21,52,75,Rain
25,10,17,51,78,Rain
27,11,18,71,63,Rain
26,8,12,33,71,Rain
35,11,12,0,37,Sunny
36,13,15,0,34,Sunny
28,11,17,82,59,Rain
27,9,13,67,61,Rain
26,5,9,70,66,Rain
26,5,8,83,70,Rain
29,5,7,34,60,Rain
25,7,11,74,80,Rain
30,3,5,37,58,Rain
27,7,10,81,62,Rain
25,7,8,34,66,Rain
28,9,11,0,53,Sunny
33,10,11,1,36,Sunny
35,8,9,5,40,Sunny
26,11,13,0,79,Sunny
29,13,15,0,56,Sunny
35,14,17,0,30,Sunny
35,18,21,2,25,Sunny
24,7,9,4,66,Sunny
35,15,18,20,37,Sunny
34,18,21,4,29,Sunny
35,10,12,10,33,Sunny
36,8,9,11,35,Sunny
35,15,18,0,34,Sunny
35,19,22,0,32,Sunny
37,8,10,0,35,Sunny
37,14,16,3,28,Sunny
33,10,12,0,43,Sunny
38,10,12,4,26,Sunny
28,13,21,77,74,Rain
28,9,14,82,75,Rain
28,9,12,63,74,Rain
32,11,13,47,59,Rain
29,19,27,85,68,Rain
28,16,23,52,71,Rain
29,19,28,75,63,Rain
28,18,26,40,65,Rain
27,12,16,78,68,Rain
30,14,22,78,53,Rain
35,13,20,73,37,Rain
36,14,17,55,35,Rain
28,8,9,59,75,Rain
28,12,17,78,75,Rain
28,12,16,79,74,Rain
31,11,14,64,59,Rain
34,13,15,68,47,Rain
28,14,23,94,72,Rain
28,10,19,80,76,Rain
28,10,18,71,76,Rain
31,12,17,40,62,Rain
33,14,23,65,55,Rain
30,15,29,75,64,Rain
28,14,22,83,69,Rain
28,12,16,85,71,Rain
27,9,13,87,74,Rain
27,10,13,47,71,Rain
29,9,11,77,72,Rain
31,14,18,76,64,Rain
30,10,13,39,69,Rain
30,14,18,39,70,Rain
30,12,18,72,70,Rain
29,9,15,71,76,Rain
29,7,14,75,74,Rain
32,8,12,85,61,Rain
35,10,13,85,49,Rain
35,8,10,86,48,Rain
33,9,11,63,56,Rain
31,11,14,27,66,Rain
30,8,10,77,74,Rain
32,9,12,77,61,Rain
34,11,14,86,52,Rain
35,14,16,81,51,Rain
31,16,20,76,64,Rain
30,11,14,63,67,Rain
29,9,12,55,70,Rain
30,16,21,83,71,Rain
30,15,21,80,74,Rain
29,13,23,64,76,Rain
32,9,19,86,65,Rain
34,9,18,10,55,Rain
34,12,17,0,51,Rain
29,6,9,71,76,Rain
29,5,7,91,75,Rain
33,10,12,41,57,Rain
30,10,13,85,71,Rain
33,8,10,40,56,Rain
31,15,21,82,67,Rain
30,11,17,84,72,Rain
30,9,12,38,72,Rain
30,14,20,64,70,Rain
30,13,21,53,72,Rain
30,12,19,77,70,Rain
33,9,12,42,57,Rain
29,9,19,81,76,Rain
32,9,15,85,62,Rain
35,10,14,90,52,Rain
35,13,18,87,52,Rain
32,15,21,87,60,Rain
31,14,19,42,67,Rain
31,13,18,34,68,Rain
31,14,19,33,68,Rain
30,10,13,63,73,Rain
32,14,20,64,65,Rain
29,12,19,88,76,Rain
33,14,18,38,58,Rain
30,13,20,79,71,Rain
33,13,18,74,57,Rain
35,9,13,82,49,Rain
33,11,21,65,59,Rain
31,10,22,72,70,Rain
30,10,17,83,73,Rain
29,10,15,79,74,Rain
29,9,13,76,79,Rain
29,7,10,59,77,Rain
32,12,14,55,61,Rain
35,16,22,69,50,Rain
33,21,32,60,53,Rain
30,18,28,74,64,Rain
29,11,16,95,72,Rain
29,6,8,75,77,Rain
28,3,4,87,80,Rain
28,5,6,10,81,Rain
32,10,12,0,63,Rain
30,16,23,67,66,Rain
29,15,25,78,75,Rain
29,13,23,74,80,Rain
29,10,21,83,80,Rain
32,11,16,86,63,Rain
34,14,16,81,51,Rain
34,18,21,62,51,Rain
32,16,22,58,60,Rain
31,13,18,46,67,Rain
29,12,23,77,79,Rain
32,12,18,37,60,Rain
31,12,17,84,69,Rain
29,10,17,61,75,Rain
29,10,15,43,80,Rain
32,15,21,71,65,Rain
30,14,23,71,74,Rain
29,11,22,81,79,Rain
29,8,14,78,81,Rain
29,9,11,79,78,Rain
32,9,10,44,62,Rain
32,13,24,83,67,Rain
30,12,23,82,75,Rain
29,10,20,76,80,Rain
29,8,15,80,82,Rain
29,7,13,87,79,Rain
32,9,12,55,63,Rain
32,14,20,71,62,Rain
31,11,16,77,68,Rain
30,10,15,72,73,Rain
29,9,13,34,78,Rain
30,13,17,79,69,Rain
29,11,14,36,76,Rain
30,14,19,80,70,Rain
29,12,16,47,75,Rain
35,10,18,77,52,Rain
35,10,14,75,50,Rain
30,12,17,73,72,Rain
29,11,14,38,75,Rain
33,11,13,36,57,Rain
30,11,14,33,72,Rain
30,8,12,78,78,Rain
33,10,13,35,59,Rain
31,13,19,69,65,Rain
30,11,23,80,71,Rain
30,8,15,40,75,Rain
32,13,18,65,63,Rain
30,12,18,78,71,Rain
30,10,13,75,75,Rain
29,8,10,33,79,Rain
30,14,18,36,69,Rain
30,15,28,89,68,Rain
29,12,19,69,74,Rain
29,10,13,65,78,Rain
30,10,16,79,72,Rain
29,11,17,79,77,Rain
28,9,14,75,80,Rain
29,8,11,73,78,Rain
32,8,10,40,62,Rain
32,14,27,54,62,Rain
31,9,21,77,72,Rain
30,6,12,85,77,Rain
29,8,12,49,82,Rain
29,4,7,83,81,Rain
32,2,3,61,66,Rain
32,6,8,59,62,Rain
30,5,7,61,73,Rain
30,9,11,39,72,Rain
30,10,13,38,77,Rain
30,6,7,44,76,Rain
35,8,9,86,52,Rain
30,9,14,85,73,Rain
30,5,8,48,76,Rain
29,2,3,61,74,Rain
31,10,16,75,75,Rain
30,7,10,84,77,Rain
29,5,8,80,80,Rain
29,2,3,72,78,Rain
33,4,4,40,63,Rain
30,10,17,84,77,Rain
29,9,14,85,79,Rain
29,6,9,45,81,Rain
33,16,29,73,60,Rain
30,13,28,81,73,Rain
29,10,18,43,80,Rain
29,6,11,77,80,Rain
31,9,12,45,65,Rain
31,15,23,78,64,Rain
29,10,15,56,72,Rain
28,7,10,84,81,Rain
28,8,9,81,79,Rain
33,12,19,63,56,Rain
33,16,21,52,58,Rain
30,14,23,54,72,Rain
29,9,18,65,78,Rain
29,7,12,79,79,Rain
28,6,9,37,81,Rain
31,13,18,84,68,Rain
30,10,15,47,75,Rain
32,14,27,92,67,Rain
30,12,25,90,77,Rain
28,13,23,85,81,Rain
32,17,20,87,62,Rain
33,14,17,45,61,Rain
29,12,21,45,81,Rain
28,12,19,83,86,Rain
28,14,27,86,82,Rain
30,18,26,66,72,Rain
30,19,23,67,67,Rain
29,15,19,61,70,Rain
35,13,15,75,54,Rain
34,13,19,85,55,Rain
31,13,24,84,71,Rain
29,13,23,86,79,Rain
28,13,21,82,82,Rain
28,11,19,74,86,Rain
28,10,22,74,82,Rain
31,14,21,80,67,Rain
34,16,20,63,56,Rain
33,15,28,69,64,Rain
31,9,21,78,73,Rain
29,10,18,81,79,Rain
28,12,19,85,84,Rain
28,11,18,41,85,Rain
33,15,17,49,57,Rain
31,13,24,53,69,Rain
29,11,19,55,77,Rain
29,10,16,53,80,Rain
32,18,37,67,66,Rain
28,21,45,80,78,Rain
24,13,24,72,80,Rain
26,4,7,55,82,Rain
28,3,4,69,81,Rain
31,12,14,59,69,Rain
31,13,21,57,69,Rain
28,15,23,61,83,Rain
28,15,26,48,82,Rain
31,21,31,60,68,Rain
23,11,20,62,85,Rain
25,7,9,58,89,Rain
29,13,16,72,75,Rain
28,15,24,65,78,Rain
26,8,11,69,84,Rain
31,13,18,43,66,Rain
31,9,14,41,73,Rain
34,9,10,71,57,Rain
32,7,12,76,71,Rain
30,6,11,87,78,Rain
29,7,10,83,81,Rain
28,5,8,46,83,Rain
32,6,12,88,64,Rain
32,11,16,82,66,Rain
30,10,14,81,75,Rain
28,9,13,75,84,Rain
27,7,10,79,87,Rain
27,7,9,94,87,Rain
27,3,4,47,86,Rain
32,17,24,83,64,Rain
30,16,25,77,75,Rain
28,13,19,75,82,Rain
27,12,18,45,85,Rain
32,12,14,47,60,Rain
31,12,16,84,71,Rain
29,10,15,56,79,Rain
33,12,19,86,61,Rain
30,13,25,83,74,Rain
28,12,20,83,81,Rain
28,11,17,40,85,Rain
28,8,9,89,83,Rain
31,10,12,46,68,Rain
32,18,28,72,72,Rain
29,15,24,75,78,Rain
27,12,18,85,81,Rain
27,11,15,81,84,Rain
27,13,18,85,82,Rain
28,19,26,78,75,Rain
28,20,26,82,72,Rain
29,18,23,47,71,Rain
27,15,26,62,84,Rain
29,22,36,78,74,Rain
31,24,40,85,63,Rain
31,24,38,75,62,Rain
28,17,27,60,73,Rain
27,13,20,65,81,Rain
27,11,17,78,85,Rain
27,7,11,47,86,Rain
32,18,26,62,61,Rain
30,14,23,65,70,Rain
28,13,21,36,77,Rain
30,19,28,79,72,Rain
32,24,44,62,63,Rain
31,21,33,77,62,Rain
30,13,21,71,67,Rain
28,13,21,51,76,Rain
30,21,25,77,67,Rain
32,26,33,72,58,Rain
31,21,32,80,65,Rain
28,16,27,75,76,Rain
27,15,23,68,83,Rain
30,22,38,84,73,Rain
30,21,37,80,72,Rain
28,21,41,80,79,Rain
27,16,31,86,83,Rain
26,10,18,75,85,Rain
26,11,18,75,86,Rain
26,14,21,57,82,Rain
27,19,31,60,76,Rain
27,15,22,42,76,Rain
31,13,15,45,66,Rain
29,13,20,82,75,Rain
28,10,17,86,82,Rain
27,9,16,84,86,Rain
26,7,11,85,88,Rain
27,4,6,40,86,Rain
31,15,24,79,63,Rain
30,18,30,76,67,Rain
29,14,23,83,75,Rain
27,10,17,85,82,Rain
27,9,15,59,85,Rain
26,6,11,55,87,Rain
30,11,14,75,71,Rain
32,16,22,83,61,Rain
31,15,28,62,66,Rain
29,11,23,52,75,Rain
28,10,18,74,81,Rain
27,10,17,82,84,Rain
26,9,14,52,87,Rain
30,10,12,34,71,Rain
32,15,25,81,63,Rain
30,14,30,87,75,Rain
28,12,21,76,83,Rain
27,11,16,79,87,Rain
26,12,17,55,89,Rain
30,12,14,55,72,Rain
33,17,20,71,55,Rain
30,15,23,73,68,Rain
28,13,22,83,78,Rain
27,12,19,49,81,Rain
27,10,15,79,83,Rain
30,14,20,85,68,Rain
33,17,26,79,56,Rain
33,16,22,79,58,Rain
30,14,22,75,71,Rain
28,14,23,80,79,Rain
27,12,18,57,85,Rain
30,13,16,33,70,Rain
32,12,17,30,65,Rain
28,9,12,34,83,Rain
34,15,18,43,53,Rain
32,16,30,81,62,Rain
33,17,28,84,60,Rain
30,16,25,78,71,Rain
28,15,25,81,80,Rain
27,15,25,76,83,Rain
26,12,21,71,87,Rain
27,13,22,75,87,Rain
30,17,23,82,72,Rain
32,18,24,75,61,Rain
32,14,25,71,64,Rain
30,11,21,83,72,Rain
28,12,20,40,79,Rain
28,16,35,77,78,Rain
27,15,27,69,83,Rain
27,13,21,80,85,Rain
27,10,16,86,86,Rain
27,8,13,81,84,Rain
30,12,14,83,72,Rain
33,14,16,72,61,Rain
31,19,36,66,75,Rain
28,18,31,77,84,Rain
26,13,20,64,88,Rain
26,8,12,54,89,Rain
26,8,12,77,88,Rain
27,12,19,66,84,Rain
30,19,32,71,72,Rain
30,22,39,61,72,Rain
27,18,37,72,84,Rain
26,14,26,70,91,Rain
25,13,22,59,89,Rain
26,7,11,69,89,Rain
26,4,5,66,88,Rain
29,10,14,64,78,Rain
31,17,26,70,66,Rain
30,18,30,76,71,Rain
27,13,25,86,83,Rain
27,12,19,82,87,Rain
26,11,17,84,87,Rain
26,4,6,83,87,Rain
29,13,21,87,77,Rain
31,17,33,77,71,Rain
30,15,33,65,75,Rain
28,12,25,66,83,Rain
27,9,17,67,86,Rain
27,9,13,80,89,Rain
26,6,10,44,89,Rain
30,12,23,76,77,Rain
28,10,18,80,85,Rain
28,8,11,40,87,Rain
32,13,21,77,66,Rain
29,12,21,86,76,Rain
28,9,16,85,82,Rain
27,9,13,81,84,Rain
27,8,11,40,87,Rain
30,10,17,71,72,Rain
29,8,13,79,78,Rain
28,6,9,84,81,Rain
27,5,8,60,83,Rain
30,10,13,40,69,Rain
27,10,15,78,86,Rain
26,10,14,57,88,Rain
30,12,18,46,73,Rain
27,11,18,42,82,Rain
27,7,10,49,84,Rain
25,5,6,64,84,Rain
29,12,14,34,69,Rain
30,16,28,64,68,Rain
28,14,29,66,80,Rain
27,8,14,70,85,Rain
27,5,8,60,85,Rain
26,6,9,54,86,Rain
32,15,24,63,61,Rain
28,14,27,58,76,Rain
27,14,24,54,83,Rain
28,14,29,72,79,Rain
25,10,19,56,84,Rain
25,9,13,54,86,Rain
26,11,17,61,83,Rain
30,16,19,58,68,Rain
29,17,28,70,76,Rain
26,15,24,82,85,Rain
28,22,31,75,77,Rain
29,22,31,39,72,Rain
29,14,22,81,74,Rain
27,14,22,35,82,Rain
26,17,26,80,84,Rain
29,22,28,77,74,Rain
31,26,31,46,64,Rain
29,22,35,84,66,Rain
27,19,30,31,74,Rain
31,26,31,46,65,Rain
28,21,35,83,75,Rain
26,15,24,65,81,Rain
26,13,20,55,84,Rain
26,12,23,82,86,Rain
29,24,37,52,74,Rain
26,19,34,70,83,Rain
24,13,22,68,87,Rain
25,13,21,64,88,Rain
26,14,22,52,86,Rain
28,19,30,54,78,Rain
26,14,22,54,86,Rain
26,16,25,46,84,Rain
31,23,26,58,67,Rain
27,20,34,66,79,Rain
26,12,20,85,85,Rain
26,10,17,80,85,Rain
26,12,19,73,86,Rain
27,16,22,45,77,Rain
29,17,32,64,76,Rain
26,24,51,87,85,Rain
25,21,38,10,91,Rain
24,19,30,10,94,Rain
24,18,29,0,94,Rain
24,18,28,10,92,Rain
24,19,28,0,94,Rain
25,22,31,10,91,Rain
25,22,32,0,88,Rain
25,21,36,10,89,Rain
24,20,35,0,92,Rain
24,23,40,10,94,Rain
24,25,41,0,93,Rain
24,24,38,10,93,Rain
25,18,29,0,90,Rain
26,15,30,10,87,Rain
27,17,33,0,85,Rain
25,18,38,85,90,Rain
23,17,33,74,92,Rain
24,15,30,79,93,Rain
25,16,32,88,93,Rain
25,18,37,89,92,Rain
27,16,26,81,86,Rain
29,21,38,72,79,Rain
27,25,44,67,82,Rain
26,25,41,71,86,Rain
25,22,34,91,90,Rain
25,22,34,10,91,Rain
25,21,34,0,89,Rain
25,20,31,97,89,Rain
28,18,23,10,80,Rain
28,15,21,0,78,Rain
27,12,18,94,82,Rain
26,13,21,85,85,Rain
26,12,19,78,89,Rain
25,10,16,85,91,Rain
26,12,17,68,88,Rain
29,18,23,76,75,Rain
31,20,31,80,68,Rain
30,18,31,85,71,Rain
29,12,23,84,80,Rain
27,8,14,50,85,Rain
26,9,13,60,87,Rain
30,14,17,47,72,Rain
32,18,25,82,63,Rain
30,13,20,78,74,Rain
28,9,14,78,82,Rain
27,8,12,76,86,Rain
27,7,10,33,88,Rain
33,16,24,86,62,Rain
30,14,23,88,72,Rain
28,12,19,42,79,Rain
32,19,24,83,64,Rain
30,16,23,82,73,Rain
28,15,23,86,80,Rain
27,13,20,71,84,Rain
27,12,15,72,86,Rain
30,14,17,60,74,Rain
33,19,26,76,62,Rain
30,15,21,81,73,Rain
28,13,20,41,81,Rain
31,21,31,87,65,Rain
29,15,25,59,75,Rain
27,10,15,70,85,Rain
26,9,13,43,87,Rain
32,17,19,46,63,Rain
29,13,28,60,75,Rain
28,11,20,65,80,Rain
27,10,16,45,85,Rain
27,5,8,41,85,Rain
31,10,14,81,67,Rain
29,11,17,36,76,Rain
27,14,19,56,84,Rain
33,16,20,50,60,Rain
30,17,29,72,74,Rain
28,15,27,71,81,Rain
27,16,28,71,84,Rain
26,15,26,78,87,Rain
27,13,21,85,86,Rain
29,16,23,88,72,Rain
32,18,22,50,61,Rain
30,12,20,51,74,Rain
27,9,14,65,86,Rain
27,12,17,39,84,Rain
32,15,18,46,63,Rain
29,12,22,72,76,Rain
28,11,17,38,80,Rain
32,17,22,80,60,Rain
32,17,22,76,60,Rain
30,13,20,47,71,Rain
27,13,21,42,83,Rain
29,15,30,57,76,Rain
27,13,21,39,82,Rain
27,8,12,58,85,Rain
29,13,17,58,73,Rain
32,16,23,75,64,Rain
31,18,35,71,68,Rain
28,17,34,72,77,Rain
27,15,25,37,83,Rain
26,12,18,62,85,Rain
30,17,34,61,71,Rain
30,14,26,73,71,Rain
29,9,15,87,78,Rain
28,7,11,47,82,Rain
33,12,15,47,60,Rain
29,16,25,56,74,Rain
30,16,24,83,73,Rain
27,17,27,76,81,Rain
27,17,26,75,83,Rain
27,18,29,74,84,Rain
27,20,32,59,82,Rain
28,22,33,58,77,Rain
29,22,35,68,76,Rain
28,22,37,65,78,Rain
27,21,35,70,83,Rain
26,19,30,65,87,Rain
25,19,30,63,89,Rain
26,16,25,57,86,Rain
30,26,31,70,68,Rain
28,18,31,49,78,Rain
27,9,13,40,85,Rain
29,16,28,78,75,Rain
27,13,22,43,80,Rain
31,17,20,55,64,Rain
28,18,35,76,76,Rain
27,18,31,78,82,Rain
26,17,28,89,85,Rain
25,19,29,99,89,Rain
25,21,31,10,92,Rain
26,21,31,0,84,Rain
28,18,24,77,75,Rain
26,16,27,56,83,Rain
25,19,31,74,86,Rain
25,19,32,67,87,Rain
25,16,25,82,86,Rain
26,19,27,90,79,Rain
25,17,25,56,81,Rain
25,15,23,83,84,Rain
28,22,31,74,76,Rain
30,26,40,80,70,Rain
29,24,42,75,73,Rain
27,19,35,78,80,Rain
26,18,31,86,84,Rain
25,15,24,68,87,Rain
26,14,21,66,86,Rain
31,26,30,50,66,Rain
28,19,31,90,74,Rain
27,17,28,61,79,Rain
26,15,23,73,84,Rain
29,21,29,76,71,Rain
31,27,36,83,59,Rain
31,24,31,71,61,Rain
29,17,24,69,71,Rain
27,14,22,42,77,Rain
32,18,26,85,62,Rain
32,19,29,87,61,Rain
29,15,23,82,71,Rain
27,13,21,74,78,Rain
26,13,21,79,82,Rain
26,11,17,69,84,Rain
32,20,31,74,63,Rain
30,20,39,73,69,Rain
28,15,32,83,81,Rain
27,13,23,84,84,Rain
26,14,22,80,84,Rain
26,10,15,61,85,Rain
31,22,43,66,68,Rain
29,23,45,79,74,Rain
27,16,27,74,81,Rain
32,14,22,75,66,Rain
30,13,22,73,73,Rain
28,12,20,76,77,Rain
27,10,16,34,81,Rain
31,10,15,47,66,Rain
27,10,15,40,82,Rain
27,8,11,85,86,Rain
30,14,16,87,71,Rain
33,18,21,54,58,Rain
30,12,19,82,69,Rain
29,8,13,85,77,Rain
27,10,17,90,83,Rain
27,11,21,74,85,Rain
27,12,24,80,85,Rain
28,13,21,63,77,Rain
29,15,25,79,70,Rain
28,14,22,66,77,Rain
27,10,16,77,83,Rain
24,8,13,89,84,Rain
25,9,15,66,83,Rain
26,9,14,67,86,Rain
25,7,10,75,89,Rain
25,4,5,66,89,Rain
26,4,5,62,85,Rain
27,9,12,58,82,Rain
26,13,23,72,86,Rain
25,12,20,63,90,Rain
25,9,13,75,91,Rain
25,7,11,74,91,Rain
25,3,5,79,90,Rain
26,9,17,94,86,Rain
26,16,33,71,86,Rain
25,16,26,66,89,Rain
25,9,13,73,93,Rain
23,6,8,78,93,Rain
24,6,8,75,92,Rain
25,8,13,95,91,Rain
27,14,24,91,83,Rain
0,15,23,87,72,Rain
0,19,36,76,77,Rain
0,18,37,65,84,Rain
0,16,32,58,87,Rain
0,13,27,75,90,Rain
17,10,18,85,92,Rain
26,12,22,70,87,Rain
28,19,28,74,78,Rain
30,21,34,82,71,Rain
29,15,28,62,76,Rain
28,13,26,74,82,Rain
27,13,24,75,85,Rain
26,12,19,64,88,Rain
26,12,19,67,89,Rain
26,10,17,79,88,Rain
28,12,21,87,79,Rain
29,17,33,72,77,Rain
27,19,35,60,83,Rain
25,17,26,79,88,Rain
25,4,6,10,89,Rain
27,5,8,80,85,Rain
25,3,5,82,90,Rain
25,3,5,59,91,Rain
31,14,21,87,64,Rain
30,14,26,80,72,Rain
27,10,22,85,82,Rain
26,10,18,81,87,Rain
26,8,13,67,88,Rain
25,6,10,54,90,Rain
25,7,12,63,93,Rain
28,5,7,72,82,Rain
29,5,9,72,76,Rain
27,6,11,67,82,Rain
26,5,9,81,88,Rain
25,3,5,82,92,Rain
25,3,5,89,92,Rain
25,5,7,83,93,Rain
24,6,9,75,93,Rain
25,7,9,49,89,Rain
31,8,14,79,68,Rain
28,10,18,83,79,Rain
27,7,12,86,85,Rain
26,5,7,76,87,Rain
26,7,10,41,88,Rain
30,9,13,80,69,Rain
28,8,13,42,80,Rain
33,3,3,82,58,Rain
30,6,9,83,72,Rain
28,9,14,85,82,Rain
27,8,11,86,86,Rain
27,7,10,38,88,Rain
33,2,3,77,61,Rain
32,5,8,82,64,Rain
30,6,11,88,76,Rain
28,6,11,84,84,Rain
28,4,6,81,86,Rain
27,6,10,76,89,Rain
26,10,13,82,88,Rain
29,10,12,33,70,Rain
28,8,14,77,81,Rain
27,4,7,76,82,Rain
26,5,8,35,85,Rain
33,4,6,65,59,Rain
32,8,15,72,63,Rain
29,13,27,73,75,Rain
27,8,15,79,82,Rain
26,4,6,81,86,Rain
26,5,6,37,88,Rain
31,8,11,83,71,Rain
28,9,13,57,81,Rain
26,4,6,60,86,Rain
30,6,7,65,70,Rain
33,6,8,69,60,Rain
32,9,13,77,63,Rain
29,11,19,84,77,Rain
27,10,18,87,85,Rain
26,9,18,80,86,Rain
26,6,12,75,86,Rain
27,5,6,81,84,Rain
29,9,12,75,72,Rain
31,11,18,79,64,Rain
31,13,19,75,65,Rain
29,12,18,73,75,Rain
27,9,13,32,81,Rain
32,5,9,76,61,Rain
32,8,15,84,64,Rain
29,12,22,80,75,Rain
27,12,21,80,82,Rain
27,9,14,85,86,Rain
26,4,7,46,87,Rain
29,12,19,80,77,Rain
27,10,15,75,83,Rain
27,8,12,43,84,Rain
29,10,15,83,73,Rain
27,11,19,68,82,Rain
26,9,18,76,84,Rain
26,5,10,69,84,Rain
27,5,7,68,85,Rain
30,5,6,73,69,Rain
31,9,16,62,66,Rain
29,11,19,76,75,Rain
27,9,15,51,80,Rain
26,5,8,68,82,Rain
30,4,6,64,69,Rain
31,3,5,57,63,Rain
31,3,6,54,69,Rain
28,4,9,76,79,Rain
27,3,6,77,83,Rain
26,3,5,70,83,Rain
26,5,9,64,84,Rain
26,8,12,58,86,Rain
29,8,10,48,74,Rain
32,6,9,64,63,Rain
29,10,15,68,75,Rain
27,12,18,72,83,Rain
26,11,18,55,86,Rain
26,8,11,35,86,Rain
30,8,11,32,66,Rain
27,4,6,38,78,Rain
26,8,11,37,83,Rain
32,5,9,63,61,Rain
32,6,11,75,65,Rain
29,8,15,74,77,Rain
27,9,14,72,83,Rain
27,8,12,33,86,Rain
30,10,12,37,68,Rain
29,12,16,76,74,Rain
27,10,16,72,81,Rain
26,8,12,80,86,Rain
26,7,10,42,90,Rain
28,12,20,74,79,Rain
27,13,21,37,85,Rain
26,7,12,82,86,Rain
27,6,8,39,84,Rain
32,9,14,79,61,Rain
31,11,18,78,66,Rain
29,11,18,41,77,Rain
26,9,15,51,85,Rain
26,6,9,78,85,Rain
29,6,11,76,73,Rain
32,7,12,74,59,Rain
31,7,14,74,65,Rain
28,11,23,73,78,Rain
27,11,20,47,82,Rain
31,9,14,38,72,Rain
26,8,13,45,82,Rain
29,10,15,73,70,Rain
27,9,15,79,77,Rain
27,8,12,39,79,Rain
29,10,15,44,71,Rain
27,8,12,81,79,Rain
26,8,10,33,85,Rain
29,10,16,84,73,Rain
27,10,16,44,79,Rain
33,7,9,78,56,Rain
32,10,15,83,63,Rain
29,12,19,87,75,Rain
27,8,12,38,81,Rain
29,8,13,72,74,Rain
28,6,10,32,79,Rain
26,6,7,73,86,Rain
30,8,10,75,69,Rain
33,13,15,42,55,Rain
29,7,10,78,72,Rain
27,7,11,79,76,Rain
27,7,10,78,80,Rain
26,6,10,74,84,Rain
26,8,10,72,84,Rain
30,8,9,56,72,Rain
29,7,13,82,77,Rain
27,8,14,86,83,Rain
27,4,6,76,84,Rain
26,3,4,77,87,Rain
26,6,8,86,87,Rain
30,7,8,50,73,Rain
33,3,5,80,64,Rain
29,8,15,77,76,Rain
27,9,15,79,84,Rain
27,8,13,76,86,Rain
26,5,9,73,86,Rain
27,6,8,56,85,Rain
32,8,9,58,62,Rain
29,10,16,53,79,Rain
26,9,15,65,88,Rain
33,8,10,78,58,Rain
33,5,6,86,59,Rain
30,9,14,83,72,Rain
27,11,19,65,78,Rain
26,9,16,72,81,Rain
25,7,11,37,85,Rain
29,8,13,86,75,Rain
27,10,18,83,79,Rain
26,9,14,82,82,Rain
25,9,13,34,85,Rain
33,8,11,64,58,Rain
33,7,10,74,60,Rain
29,10,17,78,74,Rain
27,11,18,75,82,Rain
26,9,14,34,85,Rain
30,9,14,78,70,Rain
28,11,17,78,80,Rain
27,8,13,75,84,Rain
26,8,12,32,87,Rain
30,11,17,75,76,Rain
27,9,15,61,84,Rain
26,6,12,67,83,Rain
25,8,14,32,82,Rain
30,7,11,71,68,Rain
28,7,11,80,79,Rain
27,4,6,85,84,Rain
26,4,5,41,83,Rain
29,11,18,72,72,Rain
27,12,21,54,77,Rain
32,8,9,59,60,Rain
28,14,20,80,75,Rain
27,10,17,87,83,Rain
26,8,13,89,86,Rain
25,8,12,55,87,Rain
31,10,18,81,64,Rain
31,12,22,87,68,Rain
28,11,21,77,79,Rain
27,8,14,64,84,Rain
26,5,8,55,86,Rain
26,3,4,69,88,Rain
26,4,8,82,88,Rain
28,6,9,77,78,Rain
31,10,12,71,64,Rain
31,9,11,57,65,Rain
28,9,15,62,74,Rain
26,8,14,75,77,Rain
25,8,12,76,82,Rain
25,5,8,47,84,Rain
27,6,10,76,77,Rain
26,8,13,81,80,Rain
25,8,13,42,84,Rain
27,9,14,78,83,Rain
26,8,13,79,85,Rain
26,5,8,33,87,Rain
31,5,9,73,67,Rain
30,9,16,77,71,Rain
28,12,20,84,81,Rain
26,11,18,78,86,Rain
25,7,11,83,88,Rain
25,4,5,88,89,Rain
25,5,6,88,87,Rain
29,7,9,76,74,Rain
32,6,7,81,60,Rain
31,7,10,83,65,Rain
28,10,16,84,79,Rain
26,12,19,44,86,Rain
25,6,10,78,89,Rain
26,6,9,72,87,Rain
28,8,9,46,74,Rain
26,9,14,81,84,Rain
26,6,9,74,86,Rain
25,5,8,69,88,Rain
24,8,11,73,87,Rain
27,12,14,40,67,Rain
24,10,15,87,81,Rain
24,11,17,63,82,Rain
23,15,23,58,86,Rain
23,17,26,63,90,Rain
23,15,21,62,86,Rain
24,12,15,71,85,Rain
24,10,13,85,85,Rain
27,11,18,70,81,Rain
25,8,13,60,89,Rain
27,9,14,65,80,Rain
26,8,13,79,81,Rain
24,8,12,85,77,Rain
23,7,11,48,78,Rain
31,5,6,81,61,Rain
28,8,11,87,72,Rain
26,6,10,43,81,Rain
28,10,14,81,72,Rain
26,9,14,37,78,Rain
28,8,13,68,79,Rain
25,10,17,72,86,Rain
25,9,14,35,87,Rain
30,9,13,61,67,Rain
27,12,18,77,81,Rain
25,10,15,58,85,Rain
28,9,10,46,76,Rain
28,8,12,76,72,Rain
26,6,9,32,78,Rain
30,6,8,65,66,Rain
28,6,9,75,74,Rain
26,5,8,38,78,Rain
31,6,8,77,60,Rain
29,9,13,82,71,Rain
27,8,12,43,78,Rain
26,5,8,34,78,Rain
27,8,12,78,78,Rain
26,7,11,63,83,Rain
26,3,5,75,84,Rain
28,10,22,62,81,Rain
26,9,17,71,87,Rain
25,7,11,85,88,Rain
25,6,10,47,91,Rain
28,7,14,81,79,Rain
26,7,13,78,85,Rain
26,5,7,76,86,Rain
25,5,7,35,89,Rain
28,9,14,76,75,Rain
26,7,11,80,84,Rain
26,5,6,81,87,Rain
25,6,8,38,90,Rain
28,7,11,66,75,Rain
23,6,10,26,80,Rain
27,7,11,25,77,Rain
27,8,12,47,77,Rain
